{
    "loss": 0.23966991901397705,
    "accuracy": 0.9677419066429138
}